"id","format","seconds"
1,"csv",0.920000000000016
2,"rds",0.00999999999999091
3,"xlsx",6.24999999999994
4,"fst",0
5,"SQLITE",0.309999999999945
